id,x,y,end_x,end_y,incident_type,descripcion,title,severity,delay_seconds,is_road_closed,is_traffic_jam,fecha_inicio,fecha_fin,last_modified,region,region_codigo,ciudad,comuna,created_at,ingestion_batch_id,duracion_minutos,hora_del_dia,dia_semana,current_speed_kmh,free_flow_speed_kmh,speed_ratio,road_name,from_street,to_street,length_meters,cause_severity,traffic_road_category,cluster_size,flow_confidence,current_travel_time_seconds,free_flow_travel_time_seconds,road_type,functional_road_class,flow_segment_coordinates,road_closure_type,flow_zoom_level_used,flow_has_coverage
TTI-454083a5-2813-4298-880c-f1329d617cdd-TTL32249098512020000,-70.4010853754,-23.6553105154,-70.4010706233,-23.6538218931,6,Tráfico parado,Avenida Libertador Bernardo O'Higgins / Calle José Santos Ossa → Calle Manuel Antonio Matta,3,135.0,False,False,2026-04-20T21:07:16Z,2026-04-20T21:31:41Z,,Antofagasta,2,Antofagasta,,2026-04-20T21:13:15.011542+00:00,batch_1776719595_0,24.42,21,Monday,,,,,Avenida Libertador Bernardo O'Higgins / Calle José Santos Ossa,Calle Manuel Antonio Matta,165.534,,,,,,,,,"LINESTRING(-70.4010853754 -23.6553105154, -70.4010706233 -23.6538218931)",,,
TTI-454083a5-2813-4298-880c-f1329d617cdd-TTL32249098784036000,-70.4001103925,-23.6530440622,-70.402619599,-23.6550315872,6,Tráfico en cola,Calle 21 de Mayo → Avenida Grecia,2,172.0,False,False,2026-04-20T20:53:29Z,2026-04-20T21:31:41Z,,Antofagasta,2,Antofagasta,,2026-04-20T21:13:15.011542+00:00,batch_1776719595_0,38.2,21,Monday,,,,,Calle 21 de Mayo,Avenida Grecia,338.0140293877,,,,,,,,,"LINESTRING(-70.4001103925 -23.6530440622, -70.4010008859 -23.6537696079, -70.4010706233 -23.6538218931, -70.4016338872 -23.6542698098, -70.401900767 -23.6544817137, -70.4023580836 -23.6548572279, -70.4024801241 -23.6549390716, -70.402619599 -23.6550315872)",,,
TTI-454083a5-2813-4298-880c-f1329d617cdd-TTL32243327544036000,-70.4000715004,-23.667738534,-70.4036549317,-23.6661976194,6,Tráfico en cola,Avenida Argentina → Avenida Angamos,2,164.0,False,False,2026-04-20T21:11:41Z,2026-04-20T21:31:41Z,,Antofagasta,2,Antofagasta,,2026-04-20T21:13:15.011542+00:00,batch_1776719595_0,20.0,21,Monday,,,,,Avenida Argentina,Avenida Angamos,403.2882793021,,,,,,,,,"LINESTRING(-70.4000715004 -23.667738534, -70.4005462514 -23.6675467651, -70.4011041509 -23.6672772288, -70.4021609413 -23.6668373407, -70.4031681107 -23.6664202516, -70.4036549317 -23.6661976194)",,,
TTI-454083a5-2813-4298-880c-f1329d617cdd-TTL32249098784020001,-70.3993553506,-23.6538822399,-70.4024720775,-23.6505871579,6,Tráfico en cola,Calle José Santos Ossa → Avenida Grecia / Calle San Martin,2,192.0,False,False,2026-04-20T21:00:33Z,2026-04-20T21:37:41Z,,Antofagasta,2,Antofagasta,,2026-04-20T21:13:15.011542+00:00,batch_1776719595_0,37.13,21,Monday,,,,,Calle José Santos Ossa,Avenida Grecia / Calle San Martin,485.0962327727,,,,,,,,,"LINESTRING(-70.3993553506 -23.6538822399, -70.4001103925 -23.6530440622, -70.4004403042 -23.6526900405, -70.400874822 -23.6522233077, -70.401593654 -23.6514146024, -70.4023473548 -23.6507065492, -70.4024720775 -23.6505871579)",,,
TTI-454083a5-2813-4298-880c-f1329d617cdd-TTL32249098672038000,-70.4002310919,-23.6569091398,-70.3950410174,-23.6519604195,6,Tráfico en cola,Avenida General Bernardo O'Higgins → Avenida Argentina,2,329.0,False,False,2026-04-20T21:08:05Z,2026-04-20T21:35:41Z,,Antofagasta,2,Antofagasta,,2026-04-20T21:13:15.011542+00:00,batch_1776719595_0,27.6,21,Monday,,,,,Avenida General Bernardo O'Higgins,Avenida Argentina,763.2318403728,,,,,,,,,"LINESTRING(-70.4002310919 -23.6569091398, -70.3999427544 -23.6566221536, -70.3990670132 -23.6558322087, -70.3982999014 -23.6550382667, -70.3974469589 -23.6542336479, -70.3965859698 -23.6534102137, -70.3958228813 -23.6527128435, -70.3950410174 -23.6519604195)",,,
TTI-454083a5-2813-4298-880c-f1329d617cdd-TTL32249098784012001,-70.3949793266,-23.6550302052,-70.3979284154,-23.6520449523,6,Tráfico lento,Calle Atacama → Calle Manuel Antonio Matta,1,144.0,False,False,2026-04-20T21:11:41Z,2026-04-20T21:31:41Z,,Antofagasta,2,Antofagasta,,2026-04-20T21:13:15.011542+00:00,batch_1776719595_0,20.0,21,Monday,,,,,Calle Atacama,Calle Manuel Antonio Matta,447.7555413933,,,,,,,,,"LINESTRING(-70.3949793266 -23.6550302052, -70.3950772272 -23.654944446, -70.3951563524 -23.6548746562, -70.3957705783 -23.6542295788, -70.3965859698 -23.6534102137, -70.3975743638 -23.6524084194, -70.3977487074 -23.6522286822, -70.3978707479 -23.6521026126, -70.3979284154 -23.6520449523)",,,
TTI-454083a5-2813-4298-880c-f1329d617cdd-TTL32260641156014000,-70.3923816072,-23.6186930469,-70.391005634,-23.6187385879,6,Tráfico parado,Avenida Edmundo Pérez Zujovic → Avenida Iquique,3,170.0,False,False,2026-04-20T21:08:47Z,2026-04-20T21:31:41Z,,Antofagasta,2,Antofagasta,,2026-04-20T21:13:15.011542+00:00,batch_1776719595_0,22.9,21,Monday,,,,,Avenida Edmundo Pérez Zujovic,Avenida Iquique,140.2760524506,,,,,,,,,"LINESTRING(-70.3923816072 -23.6186930469, -70.391005634 -23.6187385879)",,,
TTI-454083a5-2813-4298-880c-f1329d617cdd-TTL32251984384022000,-70.3900856363,-23.6421797432,-70.3923306452,-23.6419424039,6,Tráfico parado,Calle Almirante Juan José Latorre → Avenida Iquique,3,172.0,False,False,2026-04-20T21:11:41Z,2026-04-20T21:31:41Z,,Antofagasta,2,Antofagasta,,2026-04-20T21:13:15.011542+00:00,batch_1776719595_0,20.0,21,Monday,,,,,Calle Almirante Juan José Latorre,Avenida Iquique,230.1994083087,,,,,,,,,"LINESTRING(-70.3900856363 -23.6421797432, -70.391788839 -23.6419987634, -70.3923306452 -23.6419424039)",,,
TTI-454083a5-2813-4298-880c-f1329d617cdd-TTL32266412568027001,-70.3898992227,-23.5896245885,-70.3896578239,-23.5955804357,6,Tráfico en cola,Calle Pedro Aguirre Cerda → Calle Anhidrita,2,172.0,False,False,2026-04-20T21:05:32Z,2026-04-20T21:31:41Z,,Antofagasta,2,Antofagasta,,2026-04-20T21:13:15.011542+00:00,batch_1776719595_0,26.15,21,Monday,,,,,Calle Pedro Aguirre Cerda,Calle Anhidrita,662.8461149212,,,,,,,,,"LINESTRING(-70.3898992227 -23.5896245885, -70.3898294853 -23.5904935905, -70.3898026632 -23.5909737552, -70.3897905933 -23.5911548055, -70.3897664534 -23.5915732097, -70.3897543834 -23.5918964408, -70.389749019 -23.5920023664, -70.3897396313 -23.59269837, -70.3897342669 -23.5928445449, -70.3897289025 -23.5931168461, -70.3897154914 -23.5937739768, -70.3897114681 -23.5939013315, -70.3896940337 -23.5944029143, -70.3896578239 -23.5955804357)",,,
TTI-454083a5-2813-4298-880c-f1329d617cdd-TTR32257755624014000,-70.3890234815,-23.6263118468,-70.3901258694,-23.6258411035,8,Cerrado,Avenida Antonio Rendic → Calle Loa,4,,True,False,2026-04-14T03:08:00Z,,,Antofagasta,2,Antofagasta,,2026-04-20T21:13:15.011542+00:00,batch_1776719595_0,,21,Monday,,,,,Avenida Antonio Rendic,Calle Loa,123.9048515411,,,,,,,,,"LINESTRING(-70.3890234815 -23.6263118468, -70.3901258694 -23.6258411035)",,,
TTI-454083a5-2813-4298-880c-f1329d617cdd-TTL32269298040037000,-70.3849706637,-23.5840750691,-70.3855942773,-23.5869879739,6,Tráfico en cola,Pasaje Pampa Union → Avenida Juan Bolivar / Calle Cabo Juan Bolivar,2,187.0,False,False,2026-04-20T21:06:09Z,2026-04-20T21:31:41Z,,Antofagasta,2,Antofagasta,,2026-04-20T21:13:15.011542+00:00,batch_1776719595_0,25.53,21,Monday,,,,,Pasaje Pampa Union,Avenida Juan Bolivar / Calle Cabo Juan Bolivar,339.4659383098,,,,,,,,,"LINESTRING(-70.3849706637 -23.5840750691, -70.3848794686 -23.5852244144, -70.3848861741 -23.5854644682, -70.3849277483 -23.5856509033, -70.3850310134 -23.5858440212, -70.3855942773 -23.5869879739)",,,
TTI-454083a5-2813-4298-880c-f1329d617cdd-TTR32272183868022000,-70.3848285066,-23.5727185788,-70.3851101385,-23.5707941083,8,Cerrado,Calle Vladimir Saavedra Hernández → Calle Félix García / Avenida Héroes de La Concepción,4,,True,False,2026-04-20T13:10:30Z,,,Antofagasta,2,Antofagasta,,2026-04-20T21:13:15.011542+00:00,batch_1776719595_0,,21,Monday,,,,,Calle Vladimir Saavedra Hernández,Calle Félix García / Avenida Héroes de La Concepción,215.9077668776,,,,,,,,,"LINESTRING(-70.3848285066 -23.5727185788, -70.3851101385 -23.5707941083)",,,
TTI-454083a5-2813-4298-880c-f1329d617cdd-TTR32272183796022000,-70.3851101385,-23.5707941083,-70.3848285066,-23.5727185788,8,Cerrado,Calle Félix García / Avenida Héroes de La Concepción → Calle Vladimir Saavedra Hernández,4,,True,False,2026-04-20T11:57:41Z,,,Antofagasta,2,Antofagasta,,2026-04-20T21:13:15.011542+00:00,batch_1776719595_0,,21,Monday,,,,,Calle Félix García / Avenida Héroes de La Concepción,Calle Vladimir Saavedra Hernández,215.9077668776,,,,,,,,,"LINESTRING(-70.3851101385 -23.5707941083, -70.3848285066 -23.5727185788)",,,
TTI-454083a5-2813-4298-880c-f1329d617cdd-TTL32217357032027000,-70.4412769364,-23.7373606567,-70.440398513,-23.7350928652,6,Tráfico parado,Calle Marcolin Figueroa → Calle Baltazar Leyton,3,159.0,False,False,2026-04-20T22:47:30Z,2026-04-20T23:08:00Z,,Antofagasta,2,Antofagasta,,2026-04-20T22:50:08.155559+00:00,batch_1776725408_0,20.5,22,Monday,,,,1,Calle Marcolin Figueroa,Calle Baltazar Leyton,268.351,,,,,,,,,"LINESTRING(-70.4412769364 -23.7373606567, -70.4411951291 -23.7372278405, -70.4410623597 -23.7369663511, -70.4409483658 -23.7367518188, -70.440873264 -23.7365425805, -70.4406922149 -23.7360289593, -70.4406197952 -23.7358103589, -70.4405259179 -23.7355098883, -70.4404722737 -23.7353248176, -70.440398513 -23.7350928652)",,,
TTI-454083a5-2813-4298-880c-f1329d617cdd-TTL32246213112034000,-70.4028100358,-23.6499420594,-70.4029723095,-23.6587638636,6,Tráfico en cola,Calle Grecia → Calle Salvador Reyes,2,258.0,False,False,2026-04-20T22:39:30Z,2026-04-20T23:09:00Z,,Antofagasta,2,Antofagasta,,2026-04-20T22:50:08.155559+00:00,batch_1776725408_0,29.5,22,Monday,,,,1|B-440,Calle Grecia,Calle Salvador Reyes,990.6940748712,,,,,,,,,"LINESTRING(-70.4028100358 -23.6499420594, -70.4028140591 -23.6499971101, -70.4028221058 -23.6500722003, -70.4028221058 -23.6501406106, -70.4028221058 -23.6502800416, -70.4028221058 -23.6504986317, -70.4028019892 -23.6507172214, -70.4027885782 -23.6508030602, -70.4027416395 -23.6509761197, -70.4026772665 -23.6511544766, -70.4026531266 -23.6512335586, -70.4026048468 -23.6514790195, -70.4025968002 -23.6515447418, -70.4025981413 -23.65182767, -70.4025981413 -23.6518491679, -70.4026035057 -23.6519684812, -70.4026088702 -23.6520959329, -70.4026102113 -23.6522044971, -70.402619599 -23.6523842344, -70.4026611732 -23.6531325867, -70.402670561 -23.6536354782, -70.4026920186 -23.6538996683, -70.4027014064 -23.6540404773, -70.4027295696 -23.6543931901, -70.4027429806 -23.6546118501, -70.4027496861 -23.6547781481, -70.4027429806 -23.6549363844, -70.402734934 -23.6550919334, -70.4027027475 -23.6552675975, -70.4026571499 -23.6554794998, -70.4026048468 -23.6557075246, -70.4025766836 -23.655853706, -70.402555226 -23.6560481024, -70.4025444971 -23.6562157806, -70.4025444971 -23.6563190438, -70.4025444971 -23.6564210018, -70.4025713192 -23.6567911362, -70.4025968002 -23.6571223446, -70.4026236223 -23.6573879095, -70.4026437389 -23.6576132439, -70.4026638554 -23.6577393082, -70.4026893364 -23.6578653723, -70.4027268874 -23.6579793059, -70.4028288113 -23.6583615663, -70.4028837966 -23.6585171112, -70.4029723095 -23.6587638636)",,,
TTI-454083a5-2813-4298-880c-f1329d617cdd-TTL32246213184010002,-70.4028824555,-23.6588523842,-70.402504264,-23.6520824968,6,Tráfico en cola,Calle Manuel Verbal / Calle Salvador Reyes → Calle Almirante Juan José Latorre / Calle Copiapó,2,135.0,False,False,2026-04-20T22:46:09Z,2026-04-20T23:08:00Z,,Antofagasta,2,Antofagasta,,2026-04-20T22:50:08.155559+00:00,batch_1776725408_0,21.85,22,Monday,,,,1|B-440,Calle Manuel Verbal / Calle Salvador Reyes,Calle Almirante Juan José Latorre / Calle Copiapó,760.3985405521,,,,,,,,,"LINESTRING(-70.4028824555 -23.6588523842, -70.4027765082 -23.6585332338, -70.4026397156 -23.6581080569, -70.4026236223 -23.6580570786, -70.4025579082 -23.657752667, -70.4025109695 -23.6574871796, -70.4024707364 -23.6571036115, -70.4024452554 -23.6567588906, -70.4024184333 -23.6563150515, -70.402427821 -23.6561661835, -70.4024291622 -23.6559180442, -70.4024841474 -23.6555532816, -70.4025109695 -23.6554338947, -70.402619599 -23.6550315872, -70.4026236223 -23.6549082075, -70.4026276456 -23.6548169971, -70.4026222812 -23.6547164198, -70.4026182579 -23.6544750341, -70.4026102113 -23.6543556463, -70.4025954591 -23.6540874647, -70.4025860714 -23.6539707638, -70.402580707 -23.6538836219, -70.402568637 -23.6537266895, -70.4025579082 -23.6535858801, -70.402529745 -23.6531325867, -70.4025109695 -23.6523614313, -70.4025069462 -23.6521978174, -70.402504264 -23.6520824968)",,,
TTI-454083a5-2813-4298-880c-f1329d617cdd-TTL32249098776014000,-70.401900767,-23.6544817137,-70.4025954591,-23.6540874647,6,Tráfico parado,Calle Manuel Antonio Matta → Avenida Grecia / Calle Plaza del Puerto,3,142.0,False,False,2026-04-20T22:47:06Z,2026-04-20T23:08:00Z,,Antofagasta,2,Antofagasta,,2026-04-20T22:50:08.155559+00:00,batch_1776725408_0,20.9,22,Monday,,,,,Calle Manuel Antonio Matta,Avenida Grecia / Calle Plaza del Puerto,83.2361601523,,,,,,,,,"LINESTRING(-70.401900767 -23.6544817137, -70.4025954591 -23.6540874647)",,,
TTI-454083a5-2813-4298-880c-f1329d617cdd-TTL32269298460010000,-70.4013777362,-23.554214069,-70.4015118467,-23.560030459,6,Tráfico parado,Avenida Pedro Aguirre Cerda → Camino San Cristóbal La Chimba Baja,3,148.0,False,False,2026-04-20T22:02:18Z,2026-04-20T23:08:00Z,,Antofagasta,2,Antofagasta,,2026-04-20T22:50:08.155559+00:00,batch_1776725408_0,65.7,22,Monday,,,,1|B-440,Avenida Pedro Aguirre Cerda,Camino San Cristóbal La Chimba Baja,709.8453492789,,,,,,,,,"LINESTRING(-70.4013777362 -23.554214069, -70.4016379105 -23.5545801893, -70.4018390762 -23.5548912947, -70.4020402418 -23.5552037824, -70.4023098039 -23.5556329044, -70.4024264799 -23.555834134, -70.4025056051 -23.5559869577, -70.4025847303 -23.5561934884, -70.4026531266 -23.5563839604, -70.4027067708 -23.5565744322, -70.4027389573 -23.5567500747, -70.4027698027 -23.5570612518, -70.4027671205 -23.5571792684, -70.4027443217 -23.5574434224, -70.4027188407 -23.5576164514, -70.4026853131 -23.557770656, -70.4026491033 -23.5578980457, -70.4025793659 -23.5580938935, -70.4025310861 -23.5582078371, -70.4025109695 -23.5582520929, -70.4023942934 -23.5584854347, -70.4022829818 -23.55868666, -70.4020134198 -23.559157337, -70.4018471228 -23.5594403109, -70.401785432 -23.5595435736, -70.4016620504 -23.5597635443, -70.4015118467 -23.560030459)",,,
TTI-454083a5-2813-4298-880c-f1329d617cdd-TTL32249098512020001,-70.4010853754,-23.6553105154,-70.4010706233,-23.6538218931,6,Tráfico parado,Avenida Libertador Bernardo O'Higgins / Calle José Santos Ossa → Calle Manuel Antonio Matta,3,226.0,False,False,2026-04-20T22:18:56Z,2026-04-20T23:10:00Z,,Antofagasta,2,Antofagasta,,2026-04-20T22:50:08.155559+00:00,batch_1776725408_0,51.07,22,Monday,,,,,Avenida Libertador Bernardo O'Higgins / Calle José Santos Ossa,Calle Manuel Antonio Matta,165.5340717257,,,,,,,,,"LINESTRING(-70.4010853754 -23.6553105154, -70.4010706233 -23.6538218931)",,,
TTI-454083a5-2813-4298-880c-f1329d617cdd-TTL32246213240022001,-70.4023849057,-23.6523010838,-70.4010008859,-23.6537696079,6,Tráfico parado,Avenida Grecia / Calle Almirante Juan José Latorre → Calle Manuel Antonio Matta,3,271.0,False,False,2026-04-20T22:38:10Z,2026-04-20T23:08:00Z,,Antofagasta,2,Antofagasta,,2026-04-20T22:50:08.155559+00:00,batch_1776725408_0,29.83,22,Monday,,,,,Avenida Grecia / Calle Almirante Juan José Latorre,Calle Manuel Antonio Matta,215.760846317,,,,,,,,,"LINESTRING(-70.4023849057 -23.6523010838, -70.4022226321 -23.6524687668, -70.4019664811 -23.6527557622, -70.4017760443 -23.6529689737, -70.4010008859 -23.6537696079)",,,
TTI-454083a5-2813-4298-880c-f1329d617cdd-TTL32249098784036000,-70.3992507445,-23.6523386283,-70.402619599,-23.6550315872,6,Tráfico parado,Calle Teniente Luis Uribe → Avenida Grecia,3,528.0,False,False,2026-04-20T21:41:22Z,2026-04-20T23:26:00Z,,Antofagasta,2,Antofagasta,,2026-04-20T22:50:08.155559+00:00,batch_1776725408_0,104.63,22,Monday,,,,,Calle Teniente Luis Uribe,Avenida Grecia,455.5701038909,,,,,,,,,"LINESTRING(-70.3992507445 -23.6523386283, -70.4001103925 -23.6530440622, -70.4010008859 -23.6537696079, -70.4010706233 -23.6538218931, -70.4016338872 -23.6542698098, -70.401900767 -23.6544817137, -70.4023580836 -23.6548572279, -70.4024801241 -23.6549390716, -70.402619599 -23.6550315872)",,,
TTI-454083a5-2813-4298-880c-f1329d617cdd-TTL32246213168014000,-70.3991863715,-23.6574509418,-70.4010947632,-23.6554553921,6,Tráfico en cola,Calle Esmeralda → Avenida General Bernardo O'Higgins / Avenida Libertador Bernardo O'Higgins,2,131.0,False,False,2026-04-20T22:26:54Z,2026-04-20T23:08:00Z,,Antofagasta,2,Antofagasta,,2026-04-20T22:50:08.155559+00:00,batch_1776725408_0,41.1,22,Monday,,,,,Calle Esmeralda,Avenida General Bernardo O'Higgins / Avenida Libertador Bernardo O'Higgins,295.6808894353,,,,,,,,,"LINESTRING(-70.3991863715 -23.6574509418, -70.3999427544 -23.6566221536, -70.4009888159 -23.6555116689, -70.4010947632 -23.6554553921)",,,
TTI-454083a5-2813-4298-880c-f1329d617cdd-TTL32249098676014000,-70.4002257274,-23.6546064757,-70.3984648572,-23.6531674436,6,Tráfico parado,Avenida Libertador Bernardo O'Higgins / Calle General Bernardo O'Higgins → Calle Teniente Luis Uribe,3,137.0,False,False,2026-04-20T22:47:30Z,2026-04-20T23:08:00Z,,Antofagasta,2,Antofagasta,,2026-04-20T22:50:08.155559+00:00,batch_1776725408_0,20.5,22,Monday,,,,,Avenida Libertador Bernardo O'Higgins / Calle General Bernardo O'Higgins,Calle Teniente Luis Uribe,240.3646659475,,,,,,,,,"LINESTRING(-70.4002257274 -23.6546064757, -70.3993553506 -23.6538822399, -70.3984648572 -23.6531674436)",,,
TTI-454083a5-2813-4298-880c-f1329d617cdd-TTL32251984396002000,-70.3969131993,-23.6430756548,-70.3971666681,-23.6428221926,6,Tráfico parado,Avenida José Manuel Balmaceda → Avenida Jose Manuel Balmaceda,3,72.0,False,False,2026-04-20T22:39:02Z,2026-04-20T23:08:00Z,,Antofagasta,2,Antofagasta,,2026-04-20T22:50:08.155559+00:00,batch_1776725408_0,28.97,22,Monday,,,,1|B-440,Avenida José Manuel Balmaceda,Avenida Jose Manuel Balmaceda,46.3187659951,,,,,,,,,"LINESTRING(-70.3969131993 -23.6430756548, -70.3969373392 -23.6429790613, -70.3969427036 -23.6429375214, -70.3969534324 -23.6428905299, -70.3969722079 -23.642867802, -70.3969896423 -23.6428476847, -70.3970178055 -23.6428234979, -70.3970473098 -23.6428154356, -70.3970942484 -23.6428221926, -70.3971666681 -23.6428221926)",,,
TTI-454083a5-2813-4298-880c-f1329d617cdd-TTL32249098744026000,-70.3965913342,-23.641380497,-70.402388929,-23.6473859728,6,Tráfico lento,Avenida Edmundo Pérez Zujovic / Calle Aníbal Pinto → Calle Grecia / Calle Teniente Luis Uribe,1,129.0,False,False,2026-04-20T22:47:30Z,2026-04-20T23:08:00Z,,Antofagasta,2,Antofagasta,,2026-04-20T22:50:08.155559+00:00,batch_1776725408_0,20.5,22,Monday,,,,1|B-440,Avenida Edmundo Pérez Zujovic / Calle Aníbal Pinto,Calle Grecia / Calle Teniente Luis Uribe,910.7953338386,,,,,,,,,"LINESTRING(-70.3965913342 -23.641380497, -70.3967227625 -23.6418096442, -70.3967536079 -23.6419034744, -70.396805911 -23.6420697886, -70.3968555318 -23.6422159852, -70.3969453858 -23.6424828857, -70.3971090006 -23.6427430288, -70.3971666681 -23.6428221926, -70.3972297 -23.6428959048, -70.3973852681 -23.6431105145, -70.3974778043 -23.6432204682, -70.3976722645 -23.6434350773, -70.3978479492 -23.6436389365, -70.398051797 -23.6438293584, -70.39835891 -23.6441297329, -70.3987558769 -23.6445146443, -70.3988430487 -23.6445991051, -70.3989033984 -23.6446581508, -70.3990589665 -23.644813712, -70.3991045641 -23.6448552513, -70.3992024647 -23.644949156, -70.399296342 -23.6450389913, -70.3993446218 -23.645085982, -70.3995699273 -23.6452643469, -70.3997013556 -23.645360862, -70.4001653777 -23.6456814267, -70.4004242109 -23.6458342992, -70.4006495165 -23.6459670549, -70.4008198367 -23.6460917483, -70.4010049092 -23.6462298783, -70.401144384 -23.6463291568, -70.4012503313 -23.6464163037, -70.4014380859 -23.6465691755, -70.4015131878 -23.646633595, -70.4015641497 -23.646677821, -70.4017720209 -23.6468320745, -70.4019316124 -23.6469648291, -70.4021072971 -23.6471137076, -70.4022454308 -23.6472383999, -70.4023580836 -23.6473644741, -70.402388929 -23.6473859728)",,,
TTI-454083a5-2813-4298-880c-f1329d617cdd-TTL32249098712022001,-70.3982864903,-23.6501257922,-70.3958228813,-23.6527128435,6,Tráfico en cola,Calle Almirante Juan José Latorre → Avenida Argentina,2,174.0,False,False,2026-04-20T22:39:30Z,2026-04-20T23:09:00Z,,Antofagasta,2,Antofagasta,,2026-04-20T22:50:08.155559+00:00,batch_1776725408_0,29.5,22,Monday,,,,,Calle Almirante Juan José Latorre,Avenida Argentina,381.7653454222,,,,,,,,,"LINESTRING(-70.3982864903 -23.6501257922, -70.3975301074 -23.6509358876, -70.3970942484 -23.6513743704, -70.3970218288 -23.6514535291, -70.3967536079 -23.6517472064, -70.3958228813 -23.6527128435)",,,
TTI-454083a5-2813-4298-880c-f1329d617cdd-TTL32254869888010000,-70.3957316862,-23.6346132378,-70.396293609,-23.6286614678,6,Tráfico en cola,Avenida Septimo de Linea / Calle José Ignacio Zenteno → Avenida Presidente Salvador Allende Gossens,2,160.0,False,False,2026-04-20T21:56:04Z,2026-04-20T23:15:00Z,,Antofagasta,2,Antofagasta,,2026-04-20T22:50:08.155559+00:00,batch_1776725408_0,78.93,22,Monday,,,,1|B-440,Avenida Septimo de Linea / Calle José Ignacio Zenteno,Avenida Presidente Salvador Allende Gossens,669.9980672023,,,,,,,,,"LINESTRING(-70.3957316862 -23.6346132378, -70.3956887709 -23.6335712157, -70.3956793832 -23.6333942171, -70.3956619488 -23.6330696293, -70.3956579255 -23.632934173, -70.3956552433 -23.6328349611, -70.3956619488 -23.6327263041, -70.3956686543 -23.6325734162, -70.3956874298 -23.632428591, -70.3957062053 -23.632269022, -70.3957316862 -23.6321496908, -70.3957397329 -23.6321094529, -70.3957504617 -23.6320597699, -70.3957893537 -23.6319136387, -70.3958121525 -23.6318505942, -70.3958845722 -23.6316789685, -70.395998566 -23.6314053652, -70.3960615979 -23.6312269813, -70.3960723268 -23.6311961116, -70.3961125599 -23.6310687163, -70.3961635219 -23.6308581568, -70.3961822974 -23.6307441996, -70.3962131428 -23.6305496888, -70.3962332593 -23.6297463785, -70.3962278949 -23.6294620971, -70.396293609 -23.6286614678)",,,
TTI-454083a5-2813-4298-880c-f1329d617cdd-TTL32263527140005000,-70.3938112246,-23.5919594277,-70.3965081858,-23.5915262766,6,Tráfico parado,Pasaje Los Aromos / Calle Los Almendros → Avenida Edmundo Pérez Zujovic,3,255.0,False,False,2026-04-20T22:36:30Z,2026-04-20T23:09:00Z,,Antofagasta,2,Antofagasta,,2026-04-20T22:50:08.155559+00:00,batch_1776725408_0,32.5,22,Monday,,,,,Pasaje Los Aromos / Calle Los Almendros,Avenida Edmundo Pérez Zujovic,283.6850889248,,,,,,,,,"LINESTRING(-70.3938112246 -23.5919594277, -70.394304751 -23.591994301, -70.3945313977 -23.5919969895, -70.3946574615 -23.5920144261, -70.394779502 -23.5920157319, -70.3948613094 -23.5920090492, -70.3949404346 -23.5919929952, -70.3950544285 -23.5919594277, -70.3960937845 -23.5916697643, -70.3962493526 -23.5916255197, -70.3965081858 -23.5915262766)",,,
TTI-454083a5-2813-4298-880c-f1329d617cdd-TTL32249098744014000,-70.3935523914,-23.652215246,-70.3950383352,-23.6535322129,6,Tráfico parado,Avenida Argentina → Calle Teniente Luis Uribe,3,205.0,False,False,2026-04-20T22:46:40Z,2026-04-20T23:08:00Z,,Antofagasta,2,Antofagasta,,2026-04-20T22:50:08.155559+00:00,batch_1776725408_0,21.33,22,Monday,,,,,Avenida Argentina,Calle Teniente Luis Uribe,210.6289177004,,,,,,,,,"LINESTRING(-70.3935523914 -23.652215246, -70.3942363547 -23.6527986809, -70.3950383352 -23.6535322129)",,,
TTI-454083a5-2813-4298-880c-f1329d617cdd-TTL32254869884019000,-70.3944469081,-23.6444435437,-70.3935067939,-23.6379379008,6,Tráfico parado,Calle Ernesto Riquelme → Calle Jose Ignacio Zenteno,3,404.0,False,False,2026-04-20T22:30:22Z,2026-04-20T23:12:00Z,,Antofagasta,2,Antofagasta,,2026-04-20T22:50:08.155559+00:00,batch_1776725408_0,41.63,22,Monday,,,,,Calle Ernesto Riquelme,Calle Jose Ignacio Zenteno,753.5115981079,,,,,,,,,"LINESTRING(-70.3944469081 -23.6444435437, -70.3942859756 -23.6443121686, -70.3939399706 -23.643980851, -70.3938206123 -23.6438199141, -70.3937160062 -23.64362143, -70.3936771141 -23.6433720383, -70.3936596798 -23.6432445781, -70.3936556565 -23.6431399993, -70.3936556565 -23.6430286634, -70.3936516331 -23.6429562566, -70.3936409043 -23.6428154356, -70.3936355399 -23.6427658335, -70.3935269104 -23.6419759585, -70.3935094761 -23.6418042693, -70.3934451031 -23.6411565168, -70.3934223043 -23.640791713, -70.3933740245 -23.6400192564, -70.3933686601 -23.6397617955, -70.3933619546 -23.6396276514, -70.3933632957 -23.6394747716, -70.3933700012 -23.6392829613, -70.3933834122 -23.6391234007, -70.3934249865 -23.6387197376, -70.3934504675 -23.6385185583, -70.393496065 -23.6380719698, -70.3935067939 -23.6379379008)",,,
TTI-454083a5-2813-4298-880c-f1329d617cdd-TTL32257755576011002,-70.3931701766,-23.625483015,-70.3937683092,-23.6357706635,6,Tráfico en cola,Calle Ovalle → Calle Río de Janeiro,2,250.0,False,False,2026-04-20T22:39:02Z,2026-04-20T23:09:00Z,,Antofagasta,2,Antofagasta,,2026-04-20T22:50:08.155559+00:00,batch_1776725408_0,29.97,22,Monday,,,,,Calle Ovalle,Calle Río de Janeiro,1188.909909522,,,,,,,,,"LINESTRING(-70.3931701766 -23.625483015, -70.3931929754 -23.6255219494, -70.3932586895 -23.6255863025, -70.3934866773 -23.6257888072, -70.3936596798 -23.6259403207, -70.3939211952 -23.6261670147, -70.394035189 -23.6262729127, -70.3941357719 -23.6263668308, -70.394162594 -23.6264070704, -70.3942108737 -23.6264969183, -70.3942283081 -23.6265585832, -70.3942417191 -23.6266189425, -70.3942591535 -23.6267718374, -70.3942578124 -23.6269461573, -70.3942430602 -23.627269378, -70.394226967 -23.6273954714, -70.3942216026 -23.627433023, -70.3942122148 -23.6275067439, -70.3942028271 -23.6275724782, -70.3941840516 -23.6277173088, -70.3941706406 -23.6278648269, -70.3941666173 -23.6279439229, -70.3941599118 -23.628041833, -70.3941572295 -23.6280901353, -70.3941558884 -23.6282899484, -70.3941411363 -23.6284843857, -70.3941384541 -23.6285716214, -70.3941357719 -23.6286024149, -70.394125043 -23.6288519115, -70.3941035854 -23.6292112963, -70.3940915154 -23.629676652, -70.3940579878 -23.63015675, -70.3940418946 -23.631004366, -70.3940190958 -23.6314697154, -70.393996297 -23.6319659326, -70.3939748393 -23.6324232157, -70.3939748393 -23.6325117541, -70.3939359473 -23.6330763867, -70.3939238774 -23.6334303847, -70.3939104663 -23.6336128353, -70.3939077841 -23.6336919279, -70.3938916909 -23.6341841438, -70.3938688921 -23.6345287706, -70.3938139068 -23.6352154107, -70.3937857436 -23.6355601115, -70.3937683092 -23.6357706635)",,,
TTI-454083a5-2813-4298-880c-f1329d617cdd-TTL32249098672022000,-70.3958228813,-23.6527128435,-70.3929462122,-23.649976994,6,Tráfico parado,Calle Teniente Luis Uribe → Avenida Argentina,3,278.0,False,False,2026-04-20T22:06:44Z,2026-04-20T23:08:00Z,,Antofagasta,2,Antofagasta,,2026-04-20T22:50:08.155559+00:00,batch_1776725408_0,61.27,22,Monday,,,,,Calle Teniente Luis Uribe,Avenida Argentina,422.3772554574,,,,,,,,,"LINESTRING(-70.3958228813 -23.6527128435, -70.3950410174 -23.6519604195, -70.3942390369 -23.6512013883, -70.3934263276 -23.6504396654, -70.3930508183 -23.6500761928, -70.3929462122 -23.649976994)",,,
TTI-454083a5-2813-4298-880c-f1329d617cdd-TTL32260641124042001,-70.3950410174,-23.623862965,-70.3922166513,-23.6165982197,6,Tráfico en cola,Calle Diagonal Norte → Calle Paihuano,2,169.0,False,False,2026-04-20T21:56:04Z,2026-04-20T23:15:00Z,,Antofagasta,2,Antofagasta,,2026-04-20T22:50:08.155559+00:00,batch_1776725408_0,78.93,22,Monday,,,,1|B-440,Calle Diagonal Norte,Calle Paihuano,877.2532371092,,,,,,,,,"LINESTRING(-70.3950410174 -23.623862965, -70.3948599683 -23.6236000966, -70.394701718 -23.6233680993, -70.3945796775 -23.6231857112, -70.3944992112 -23.6230649893, -70.3941666173 -23.6225674328, -70.394098221 -23.6224642197, -70.3939359473 -23.622221469, -70.3936985718 -23.6218351865, -70.3934558319 -23.6214422983, -70.3931996809 -23.6210493322, -70.3930494772 -23.6208200183, -70.3929207312 -23.6206013786, -70.3928322183 -23.6204512413, -70.3927597987 -23.620298339, -70.3926994489 -23.6201668629, -70.3926270293 -23.6199885406, -70.3925760673 -23.619847695, -70.3925438808 -23.6197470909, -70.392507671 -23.6196304361, -70.3924620735 -23.6194266163, -70.3924084293 -23.6190483893, -70.3923816072 -23.6186930469, -70.3923655139 -23.618349684, -70.3923293041 -23.6175799365, -70.392302482 -23.6171923347, -70.3922957765 -23.6171373469, -70.3922662722 -23.6169080261, -70.3922327446 -23.6166988262, -70.3922206746 -23.6166142707, -70.3922166513 -23.6165982197)",,,
TTI-454083a5-2813-4298-880c-f1329d617cdd-TTL32266412448013000,-70.3920409666,-23.5975705994,-70.3931768822,-23.591905812,6,Tráfico parado,Calle Anhidrita → Calle Los Pimientos / Pasaje Los Aromos,3,369.0,False,False,2026-04-20T22:39:30Z,2026-04-20T23:18:00Z,,Antofagasta,2,Antofagasta,,2026-04-20T22:50:08.155559+00:00,batch_1776725408_0,38.5,22,Monday,,,,,Calle Anhidrita,Calle Los Pimientos / Pasaje Los Aromos,655.0936312531,,,,,,,,,"LINESTRING(-70.3920409666 -23.5975705994, -70.3927758919 -23.5962885564, -70.3929368244 -23.5960203328, -70.3929730343 -23.5959452117, -70.3930132674 -23.5958660963, -70.3930602061 -23.5956769873, -70.3930709349 -23.5953188932, -70.3930803226 -23.5949634865, -70.3930695938 -23.5945343394, -70.3931084858 -23.5938061612, -70.3931205558 -23.5935258729, -70.3931259202 -23.5933515086, -70.393136649 -23.5930899617, -70.3931353079 -23.5927882411, -70.3931514012 -23.5923014003, -70.3931634711 -23.5921203516, -70.3931768822 -23.591905812)",,,
TTI-454083a5-2813-4298-880c-f1329d617cdd-TTL32266412536026000,-70.3920141445,-23.6091001274,-70.3932680773,-23.5841689406,6,Tráfico en cola,Calle Chalinga → Avenida Los Tamarugos,2,639.0,False,False,2026-04-20T21:54:46Z,2026-04-20T23:28:00Z,,Antofagasta,2,Antofagasta,,2026-04-20T22:50:08.155559+00:00,batch_1776725408_0,93.23,22,Monday,,,,1|B-440,Calle Chalinga,Avenida Los Tamarugos,3009.3394040882,,,,,,,,,"LINESTRING(-70.3920141445 -23.6091001274, -70.3920610832 -23.6083785583, -70.3920664476 -23.6083182674, -70.3920825409 -23.6077938503, -70.3920999752 -23.6069140567, -70.3921120452 -23.6062274219, -70.392134844 -23.6050191202, -70.3921589838 -23.603781237, -70.3921683716 -23.6032622549, -70.3921791004 -23.6027432709, -70.3921938525 -23.6025809775, -70.3922193335 -23.60241469, -70.3922837066 -23.6021075375, -70.3923293041 -23.6018996965, -70.3923896538 -23.6016837904, -70.3924258636 -23.6015818666, -70.3925063299 -23.6013645774, -70.3926069127 -23.6010977467, -70.3927758919 -23.6007557203, -70.3928389238 -23.6006390486, -70.3930052208 -23.6003560866, -70.393238573 -23.5999980053, -70.3933860945 -23.5997378541, -70.3934464442 -23.5996118109, -70.3940754222 -23.5985254986, -70.3942631768 -23.5982357728, -70.3943704652 -23.5980694798, -70.3945260333 -23.5978576383, -70.3945421265 -23.5978348257, -70.394701718 -23.5976309721, -70.3948666738 -23.5974405599, -70.39497128 -23.5973158202, -70.3952354776 -23.5970274744, -70.3955278384 -23.5967230745, -70.3956860887 -23.5965514028, -70.3958604323 -23.5963596064, -70.3962641047 -23.5959036569, -70.3962962912 -23.5958660963, -70.3965698766 -23.5955401866, -70.3966583895 -23.5954261986, -70.3967334913 -23.5953041454, -70.3967844533 -23.5952088992, -70.3969078349 -23.5949460502, -70.3969574558 -23.5947462631, -70.3970003711 -23.594498161, -70.3970540153 -23.5940274571, -70.3970660852 -23.5935902417, -70.3970848607 -23.5933005051, -70.3970875429 -23.5932683206, -70.3970915662 -23.5932080227, -70.3970848607 -23.5929666005, -70.3970660852 -23.5927506796, -70.3970419453 -23.5926541258, -70.3970204877 -23.5925669431, -70.3970017122 -23.5925160161, -70.3966114508 -23.5917193858, -70.3965081858 -23.5915262766, -70.3960481869 -23.5905687148, -70.3958765255 -23.5902146778, -70.3958134936 -23.5900496805, -70.3955144273 -23.5894394649, -70.3954755353 -23.5893737883, -70.3953226494 -23.5891176104, -70.3951912211 -23.5889244974, -70.3950021254 -23.5886616358, -70.3948264407 -23.5884390249, -70.3946628259 -23.5882311622, -70.3943892406 -23.5878824961, -70.3941022443 -23.5875137033, -70.3940781044 -23.5874828232, -70.3939386295 -23.5872722705, -70.3937924491 -23.5870309141, -70.3936583387 -23.5867586003, -70.3935832368 -23.5865802325, -70.3933351325 -23.585982138, -70.393277465 -23.585805075, -70.393226503 -23.5856334658, -70.393187611 -23.5854899715, -70.3931822466 -23.5851882335, -70.3931822466 -23.5850165467, -70.393201022 -23.5848006128, -70.3932680773 -23.5841689406)",,,
TTI-454083a5-2813-4298-880c-f1329d617cdd-TTL32275069560027000,-70.3914723383,-23.5524894097,-70.3912336217,-23.5590930281,6,Tráfico en cola,Pasaje La Maestranza → Salar de Ascotan,2,188.0,False,False,2026-04-20T22:31:16Z,2026-04-20T23:08:00Z,,Antofagasta,2,Antofagasta,,2026-04-20T22:50:08.155559+00:00,batch_1776725408_0,36.73,22,Monday,,,,,Pasaje La Maestranza,Salar de Ascotan,734.7296073727,,,,,,,,,"LINESTRING(-70.3914723383 -23.5524894097, -70.3914656328 -23.5526758148, -70.3914589273 -23.5528904184, -70.3914481984 -23.5531988386, -70.3914240586 -23.5538425692, -70.3913623678 -23.5554358235, -70.3913596855 -23.5555497693, -70.3913570033 -23.5557429315, -70.3913516389 -23.5559347103, -70.3913435923 -23.5561961776, -70.391327499 -23.5565797337, -70.3913234757 -23.5567138859, -70.3913181113 -23.557090756, -70.3913087236 -23.5571899483, -70.3912926303 -23.5574743095, -70.3912336217 -23.5590930281)",,,
TTI-454083a5-2813-4298-880c-f1329d617cdd-TTL32272183932015000,-70.3910177039,-23.5644681252,-70.3909989284,-23.5647685279,6,Tráfico lento,Avenida Pedro Aguirre Cerda → Avenida Pedro Aguirre Cerda,1,73.0,False,False,2026-04-20T22:22:06Z,2026-04-20T23:08:00Z,,Antofagasta,2,Antofagasta,,2026-04-20T22:50:08.155559+00:00,batch_1776725408_0,45.9,22,Monday,,,,,Avenida Pedro Aguirre Cerda,Avenida Pedro Aguirre Cerda,85.8804105817,,,,,,,,,"LINESTRING(-70.3910177039 -23.5644681252, -70.3911772953 -23.5644963216, -70.391275196 -23.5645217521, -70.3913087236 -23.5645485656, -70.3913409101 -23.5645968912, -70.3913543211 -23.5646344608, -70.3913502978 -23.5646666523, -70.3913382279 -23.5647001498, -70.3912872659 -23.5647350303, -70.3912309395 -23.5647497816, -70.3909989284 -23.5647685279)",,,
TTI-454083a5-2813-4298-880c-f1329d617cdd-TTL32260641264030000,-70.3907427775,-23.6084107391,-70.3906435357,-23.6038174896,6,Tráfico parado,Calle Caimanes → Calle Cavancha,3,264.0,False,False,2026-04-20T21:59:29Z,2026-04-20T23:09:00Z,,Antofagasta,2,Antofagasta,,2026-04-20T22:50:08.155559+00:00,batch_1776725408_0,69.52,22,Monday,,,,,Calle Caimanes,Calle Cavancha,512.4682884451,,,,,,,,,"LINESTRING(-70.3907427775 -23.6084107391, -70.3907763051 -23.6083598182, -70.3907950805 -23.6083034443, -70.3908125149 -23.6082015256, -70.390800445 -23.6078340956, -70.3907776462 -23.6072359443, -70.3907561885 -23.6069476203, -70.3907226609 -23.6062489273, -70.3906784045 -23.6052792608, -70.3906676756 -23.6050432372, -70.3906435357 -23.6038174896)",,,
TTI-454083a5-2813-4298-880c-f1329d617cdd-TTL32266412532014000,-70.3915796267,-23.5857782659,-70.3903967725,-23.5857032157,6,Tráfico parado,Calle Los Aromos / Pasaje Los Aromos → Calle Pedro Aguirre Cerda,3,258.0,False,False,2026-04-20T22:35:34Z,2026-04-20T23:08:00Z,,Antofagasta,2,Antofagasta,,2026-04-20T22:50:08.155559+00:00,batch_1776725408_0,32.43,22,Monday,,,,,Calle Los Aromos / Pasaje Los Aromos,Calle Pedro Aguirre Cerda,120.8284245832,,,,,,,,,"LINESTRING(-70.3915796267 -23.5857782659, -70.3903967725 -23.5857032157)",,,
TTI-454083a5-2813-4298-880c-f1329d617cdd-TTL32269298076030000,-70.3902800964,-23.5838457673,-70.3932788061,-23.5840791405,6,Tráfico parado,Avenida Pedro Aguirre Cerda → Avenida Edmundo Pérez Zujovic,3,224.0,False,False,2026-04-20T22:40:41Z,2026-04-20T23:11:00Z,,Antofagasta,2,Antofagasta,,2026-04-20T22:50:08.155559+00:00,batch_1776725408_0,30.32,22,Monday,,,,,Avenida Pedro Aguirre Cerda,Avenida Edmundo Pérez Zujovic,306.7530475959,,,,,,,,,"LINESTRING(-70.3902800964 -23.5838457673, -70.3903927492 -23.5838565218, -70.3905550228 -23.5838698882, -70.3906784045 -23.5838806427, -70.3907964217 -23.5838913204, -70.3912188696 -23.5839222013, -70.3916936206 -23.583954388, -70.392134844 -23.5839973293, -70.3923306452 -23.5840093897, -70.3925707029 -23.5840200674, -70.3930548416 -23.584068386, -70.3932788061 -23.5840791405)",,,
TTI-454083a5-2813-4298-880c-f1329d617cdd-TTL32254869884022000,-70.389813392,-23.6419987634,-70.3900816129,-23.6366637778,6,Tráfico parado,Calle Almirante Juan José Latorre → Avenida Antonio Rendic / Calle Montevideo,3,296.0,False,False,2026-04-20T22:43:09Z,2026-04-20T23:11:00Z,,Antofagasta,2,Antofagasta,,2026-04-20T22:50:08.155559+00:00,batch_1776725408_0,27.85,22,Monday,,,,,Calle Almirante Juan José Latorre,Avenida Antonio Rendic / Calle Montevideo,593.9107270983,,,,,,,,,"LINESTRING(-70.389813392 -23.6419987634, -70.3898858117 -23.6409445913, -70.3899609135 -23.639742983, -70.390018581 -23.6386674463, -70.3900816129 -23.6366637778)",,,
TTI-454083a5-2813-4298-880c-f1329d617cdd-TTL32266412568027001,-70.3904128658,-23.5834944009,-70.389749019,-23.5920023664,6,Tráfico en cola,Calle Los Ñandu / Calle Los Morros → Avenida Nicolas Tirado / Calle Nicolas Tirado,2,269.0,False,False,2026-04-20T22:17:15Z,2026-04-20T23:09:00Z,,Antofagasta,2,Antofagasta,,2026-04-20T22:50:08.155559+00:00,batch_1776725408_0,51.75,22,Monday,,,,,Calle Los Ñandu / Calle Los Morros,Avenida Nicolas Tirado / Calle Nicolas Tirado,948.674237918,,,,,,,,,"LINESTRING(-70.3904128658 -23.5834944009, -70.3904115247 -23.5835104559, -70.3904007958 -23.583679456, -70.3903927492 -23.5838565218, -70.3903820204 -23.5839731316, -70.3903659271 -23.584113939, -70.3903203296 -23.5845565632, -70.3902921664 -23.5850500391, -70.3902774142 -23.5852794156, -70.390261321 -23.5854550965, -70.3902425455 -23.5856079626, -70.3902304756 -23.5857059043, -70.3901701258 -23.5862074416, -70.3901298927 -23.5868069178, -70.3900977062 -23.5870978979, -70.3900682019 -23.5873661397, -70.3900346743 -23.5878449332, -70.3900199221 -23.5880085507, -70.3900132166 -23.5881748565, -70.3900105344 -23.5882593535, -70.3899837123 -23.5885999531, -70.3899729835 -23.5887260069, -70.3899635958 -23.5888198751, -70.3899555491 -23.5889043718, -70.389940797 -23.5890974849, -70.389928727 -23.589242358, -70.3898992227 -23.5896245885, -70.3898294853 -23.5904935905, -70.3898026632 -23.5909737552, -70.3897905933 -23.5911548055, -70.3897664534 -23.5915732097, -70.3897543834 -23.5918964408, -70.389749019 -23.5920023664)",,,
TTI-454083a5-2813-4298-880c-f1329d617cdd-TTL32269298252027000,-70.3896980571,-23.5909106909,-70.3909385787,-23.5766494046,6,Tráfico en cola,Avenida Nicolas Tirado / Calle Nicolas Tirado → Avenida Subteniente Arturo Pérez Canto / Calle Chacalluta,2,404.0,False,False,2026-04-20T21:19:10Z,2026-04-20T23:13:00Z,,Antofagasta,2,Antofagasta,,2026-04-20T22:50:08.155559+00:00,batch_1776725408_0,113.83,22,Monday,,,,,Avenida Nicolas Tirado / Calle Nicolas Tirado,Avenida Subteniente Arturo Pérez Canto / Calle Chacalluta,1591.0800127664,,,,,,,,,"LINESTRING(-70.3896980571 -23.5909106909, -70.3897047626 -23.5907940105, -70.3897329258 -23.5904895961, -70.3897905933 -23.5898820712, -70.3898107098 -23.5896312714, -70.3898442375 -23.5892316039, -70.3898522841 -23.5891350475, -70.3898589896 -23.5890747477, -70.3898656951 -23.5890197481, -70.3898710595 -23.5888896233, -70.3898750829 -23.5888293234, -70.389889835 -23.5885865872, -70.3899059283 -23.5884390249, -70.3899260448 -23.5882512879, -70.3899421381 -23.5880045562, -70.3899515258 -23.5878758131, -70.3899582313 -23.5877698074, -70.3899890767 -23.5873580741, -70.3900091933 -23.5870912149, -70.390030651 -23.5868029234, -70.3900454031 -23.5866057356, -70.3900869774 -23.5861926928, -70.3901030706 -23.5860263844, -70.3901419627 -23.5856200228, -70.3901513504 -23.5855167807, -70.3901754903 -23.5854175329, -70.390274732 -23.5839664485, -70.3902800964 -23.5838457673, -70.3902841197 -23.583780011, -70.3902868019 -23.5837478242, -70.3902961897 -23.583617771, -70.3903055774 -23.5835037727, -70.3904075013 -23.5822941094, -70.3904893087 -23.5813029869, -70.3905040609 -23.5811246885, -70.390544294 -23.5806378045, -70.3906301247 -23.5798010018, -70.3906569468 -23.5794697516, -70.3906958388 -23.5789480615, -70.3907025443 -23.5788729306, -70.3907146143 -23.5787750606, -70.3907709407 -23.5782211795, -70.3908272671 -23.5776847347, -70.3908728646 -23.5772596027, -70.3909385787 -23.5766494046)",,,
TTI-454083a5-2813-4298-880c-f1329d617cdd-TTL32263527020019000,-70.3894647049,-23.597648408,-70.3896538006,-23.5919996779,6,Tráfico parado,Calle Juan Glasinovic / Calle Onix → Avenida Nicolas Tirado / Calle Nicolas Tirado,3,295.0,False,False,2026-04-20T21:23:18Z,2026-04-20T23:13:00Z,,Antofagasta,2,Antofagasta,,2026-04-20T22:50:08.155559+00:00,batch_1776725408_0,109.7,22,Monday,,,,,Calle Juan Glasinovic / Calle Onix,Avenida Nicolas Tirado / Calle Nicolas Tirado,628.5050329768,,,,,,,,,"LINESTRING(-70.3894647049 -23.597648408, -70.38954383 -23.5963984727, -70.3895572411 -23.5959907606, -70.3895706521 -23.5955777473, -70.3895746754 -23.5954530058, -70.3895934509 -23.5947489515, -70.3896028386 -23.5944002259, -70.3896135675 -23.5940073324, -70.3896175908 -23.5938946489, -70.3896229552 -23.5937833479, -70.3896444129 -23.5929209737, -70.3896470951 -23.5927547507, -70.3896497773 -23.59265282, -70.3896551417 -23.5925361411, -70.3896578239 -23.59235371, -70.3896551417 -23.5922289655, -70.3896538006 -23.5919996779)",,,
TTI-454083a5-2813-4298-880c-f1329d617cdd-TTL32260641160022000,-70.3916466819,-23.6166451438,-70.3890798079,-23.6171587737,6,Tráfico en cola,Avenida Edmundo Pérez Zujovic → Avenida Pedro Aguirre Cerda,2,185.0,False,False,2026-04-20T22:03:56Z,2026-04-20T23:09:00Z,,Antofagasta,2,Antofagasta,,2026-04-20T22:50:08.155559+00:00,batch_1776725408_0,65.07,22,Monday,,,,,Avenida Edmundo Pérez Zujovic,Avenida Pedro Aguirre Cerda,269.8885314573,,,,,,,,,"LINESTRING(-70.3916466819 -23.6166451438, -70.3912403272 -23.6166692587, -70.3910069751 -23.616686692, -70.3909224855 -23.6166988262, -70.3908286082 -23.6167349985, -70.3904249357 -23.6168985799, -70.3903230118 -23.6169361345, -70.3901996301 -23.616976377, -70.3895331012 -23.617103786, -70.3890798079 -23.6171587737)",,,
TTI-454083a5-2813-4298-880c-f1329d617cdd-TTL32266412604014002,-70.3890798079,-23.5885275162,-70.389889835,-23.5885865872,6,Tráfico en cola,Pasaje Las Golondrinas → Avenida Pedro Aguirre Cerda,2,51.0,False,False,2026-04-20T22:48:00Z,2026-04-20T23:08:00Z,,Antofagasta,2,Antofagasta,,2026-04-20T22:50:08.155559+00:00,batch_1776725408_0,20.0,22,Monday,,,,,Pasaje Las Golondrinas,Avenida Pedro Aguirre Cerda,82.80574511,,,,,,,,,"LINESTRING(-70.3890798079 -23.5885275162, -70.389889835 -23.5885865872)",,,
TTI-454083a5-2813-4298-880c-f1329d617cdd-TTR32257755624014000,-70.3890234815,-23.6263118468,-70.3901258694,-23.6258411035,8,Cerrado,Avenida Antonio Rendic → Calle Loa,4,,True,False,2026-04-14T03:08:00Z,,,Antofagasta,2,Antofagasta,,2026-04-20T22:50:08.155559+00:00,batch_1776725408_0,,22,Monday,,,,,Avenida Antonio Rendic,Calle Loa,123.9048515411,,,,,,,,,"LINESTRING(-70.3890234815 -23.6263118468, -70.3901258694 -23.6258411035)",,,
TTI-454083a5-2813-4298-880c-f1329d617cdd-TTL32254869632014000,-70.3901889013,-23.6474167619,-70.3889242398,-23.6466603917,6,Tráfico parado,Calle Covadonga Nueva → Avenida Andrés Sabella / Calle Andrés Sabella,3,143.0,False,False,2026-04-20T22:46:40Z,2026-04-20T23:09:00Z,,Antofagasta,2,Antofagasta,,2026-04-20T22:50:08.155559+00:00,batch_1776725408_0,22.33,22,Monday,,,,,Calle Covadonga Nueva,Avenida Andrés Sabella / Calle Andrés Sabella,159.3739167579,,,,,,,,,"LINESTRING(-70.3901889013 -23.6474167619, -70.3895733343 -23.6468669332, -70.3894687282 -23.6467757171, -70.3893574165 -23.6467368658, -70.3893198656 -23.6467288038, -70.3891870962 -23.6467006251, -70.3889242398 -23.6466603917)",,,
TTI-454083a5-2813-4298-880c-f1329d617cdd-TTL32263526864059000,-70.3887324618,-23.6070656688,-70.3890503036,-23.6030919743,6,Tráfico parado,Calle Ongolmo → Avenida Antonio Rendic,3,169.0,False,False,2026-04-20T21:23:18Z,2026-04-20T23:13:00Z,,Antofagasta,2,Antofagasta,,2026-04-20T22:50:08.155559+00:00,batch_1776725408_0,109.7,22,Monday,,,,,Calle Ongolmo,Avenida Antonio Rendic,443.3065888621,,,,,,,,,"LINESTRING(-70.3887324618 -23.6070656688, -70.3887834238 -23.6064460855, -70.3887928115 -23.6062851024, -70.3888062226 -23.605971277, -70.3888263391 -23.6055166666, -70.3888974177 -23.6042117362, -70.3889000999 -23.6041688784, -70.388914852 -23.6040601976, -70.3889363097 -23.6039046648, -70.3889631318 -23.6037168732, -70.3890503036 -23.6030919743)",,,
TTI-454083a5-2813-4298-880c-f1329d617cdd-TTL32254869884012001,-70.3885929869,-23.6419920064,-70.3888960766,-23.6365900622,6,Tráfico parado,Avenida Andrés Sabella / Calle Manuel Antonio Matta → Calle Montevideo,3,270.0,False,False,2026-04-20T22:26:14Z,2026-04-20T23:12:00Z,,Antofagasta,2,Antofagasta,,2026-04-20T22:50:08.155559+00:00,batch_1776725408_0,45.77,22,Monday,,,,,Avenida Andrés Sabella / Calle Manuel Antonio Matta,Calle Montevideo,601.4658791214,,,,,,,,,"LINESTRING(-70.3885929869 -23.6419920064, -70.3886560189 -23.640899058, -70.3887110041 -23.6398596967, -70.3887780594 -23.6387840842, -70.3888330447 -23.6376964841, -70.3888960766 -23.6365900622)",,,
TTI-454083a5-2813-4298-880c-f1329d617cdd-TTL32275069448021000,-70.3883904802,-23.5649818057,-70.3918840574,-23.5652097576,6,Tráfico lento,Calle Sierra Nevada → Calle Once Norte / Calle Once Sur,1,105.0,False,False,2026-04-20T22:48:00Z,2026-04-20T23:09:00Z,,Antofagasta,2,Antofagasta,,2026-04-20T22:50:08.155559+00:00,batch_1776725408_0,21.0,22,Monday,,,,,Calle Sierra Nevada,Calle Once Norte / Calle Once Sur,357.6566577278,,,,,,,,,"LINESTRING(-70.3883904802 -23.5649818057, -70.3884427832 -23.5649884899, -70.3885098385 -23.564997863, -70.3891401576 -23.5650863702, -70.3892246472 -23.5650971262, -70.3892595159 -23.5651011213, -70.3895733343 -23.5651306237, -70.3898777651 -23.5651588199, -70.3899823712 -23.565160126, -70.3901044117 -23.565160126, -70.3904960142 -23.5651789492, -70.39068511 -23.5651883223, -70.3908889579 -23.5651896284, -70.3909667419 -23.5651842504, -70.391173272 -23.5651735711, -70.3913248168 -23.5651802552, -70.3915756034 -23.5651950064, -70.3917177604 -23.5651976954, -70.3918049322 -23.5652030735, -70.3918840574 -23.5652097576)",,,
TTI-454083a5-2813-4298-880c-f1329d617cdd-TTL32266412600013000,-70.3883515881,-23.5872105872,-70.3899890767,-23.5873580741,6,Tráfico parado,Calle Cerro Topater → Avenida Pedro Aguirre Cerda,3,202.0,False,False,2026-04-20T22:42:30Z,2026-04-20T23:08:00Z,,Antofagasta,2,Antofagasta,,2026-04-20T22:50:08.155559+00:00,batch_1776725408_0,25.5,22,Monday,,,,,Calle Cerro Topater,Avenida Pedro Aguirre Cerda,167.6789120695,,,,,,,,,"LINESTRING(-70.3883515881 -23.5872105872, -70.3887284385 -23.587244079, -70.3890543269 -23.5872722705, -70.3891575919 -23.5872816421, -70.3894714104 -23.5873058391, -70.3899890767 -23.5873580741)",,,
TTI-454083a5-2813-4298-880c-f1329d617cdd-TTL32266412604013000,-70.3866148578,-23.5921807268,-70.3897543834,-23.5918964408,6,Tráfico en cola,Avenida Radomiro Tomic / Calle Morro Solar → Avenida Pedro Aguirre Cerda / Calle Los Pimientos,2,168.0,False,False,2026-04-20T22:11:14Z,2026-04-20T23:09:00Z,,Antofagasta,2,Antofagasta,,2026-04-20T22:50:08.155559+00:00,batch_1776725408_0,57.77,22,Monday,,,,,Avenida Radomiro Tomic / Calle Morro Solar,Avenida Pedro Aguirre Cerda / Calle Los Pimientos,324.1968248729,,,,,,,,,"LINESTRING(-70.3866148578 -23.5921807268, -70.3872156726 -23.5920331685, -70.387412815 -23.5919835471, -70.3875710653 -23.5919433737, -70.3876850592 -23.5919085005, -70.3878701316 -23.5918910638, -70.3885205673 -23.5918790041, -70.3890918778 -23.5918896812, -70.3893399822 -23.5918896812, -70.3896618472 -23.5918964408, -70.3897543834 -23.5918964408)",,,
TTI-454083a5-2813-4298-880c-f1329d617cdd-TTL32257755500029000,-70.3864820885,-23.6386755089,-70.3870560812,-23.6284495222,6,Tráfico en cola,Calle Lima → Avenida Presidente Salvador Allende Gossens,2,314.0,False,False,2026-04-20T22:37:39Z,2026-04-20T23:14:00Z,,Antofagasta,2,Antofagasta,,2026-04-20T22:50:08.155559+00:00,batch_1776725408_0,36.35,22,Monday,,,,,Calle Lima,Avenida Presidente Salvador Allende Gossens,1138.6453284443,,,,,,,,,"LINESTRING(-70.3864820885 -23.6386755089, -70.3865196394 -23.6379754493, -70.3865397559 -23.6375932062, -70.3865585314 -23.637225705, -70.3865960823 -23.6365029087, -70.3866617965 -23.6353857263, -70.3867275106 -23.6343343422, -70.3867436038 -23.6339923257, -70.3867704259 -23.6336114531, -70.3867905425 -23.6332185236, -70.3868213879 -23.6325613602, -70.3868334578 -23.6321858587, -70.3868897842 -23.631118323, -70.386976956 -23.6300535429, -70.3870091425 -23.6294808342, -70.3870373057 -23.6289725512, -70.3870560812 -23.6284495222)",,,
TTI-454083a5-2813-4298-880c-f1329d617cdd-TTL32275069416014000,-70.3860770749,-23.5618167915,-70.385822265,-23.5646787145,6,Tráfico parado,Calle Limonita → Calle Limonita / Calle Sierra Nevada,3,376.0,False,False,2026-04-20T22:22:34Z,2026-04-20T23:18:00Z,,Antofagasta,2,Antofagasta,,2026-04-20T22:50:08.155559+00:00,batch_1776725408_0,55.43,22,Monday,,,,,Calle Limonita,Calle Limonita / Calle Sierra Nevada,319.2894790429,,,,,,,,,"LINESTRING(-70.3860770749 -23.5618167915, -70.3859724687 -23.5629889198, -70.3859268712 -23.5635079074, -70.3858383583 -23.5645056948, -70.385822265 -23.5646787145)",,,
TTI-454083a5-2813-4298-880c-f1329d617cdd-TTL32269298252021000,-70.3852657067,-23.5804581224,-70.385527222,-23.5777692385,6,Tráfico parado,Pasaje Paposo → Avenida Juan Pablo II / Calle Juan Pablo II,3,199.0,False,False,2026-04-20T22:22:06Z,2026-04-20T23:08:00Z,,Antofagasta,2,Antofagasta,,2026-04-20T22:50:08.155559+00:00,batch_1776725408_0,45.9,22,Monday,,,,,Pasaje Paposo,Avenida Juan Pablo II / Calle Juan Pablo II,300.2046306761,,,,,,,,,"LINESTRING(-70.3852657067 -23.5804581224, -70.3853770183 -23.5793262505, -70.3854548024 -23.5785376833, -70.3854977177 -23.5781970576, -70.385527222 -23.5777692385)",,,
TTI-454083a5-2813-4298-880c-f1329d617cdd-TTL32269298044029000,-70.3849706637,-23.5840750691,-70.3855942773,-23.5869879739,6,Tráfico parado,Pasaje Pampa Union → Avenida Juan Bolivar / Calle Cabo Juan Bolivar,3,374.0,False,False,2026-04-20T22:04:27Z,2026-04-20T23:15:00Z,,Antofagasta,2,Antofagasta,,2026-04-20T22:50:08.155559+00:00,batch_1776725408_0,70.55,22,Monday,,,,,Pasaje Pampa Union,Avenida Juan Bolivar / Calle Cabo Juan Bolivar,339.4659383098,,,,,,,,,"LINESTRING(-70.3849706637 -23.5840750691, -70.3848794686 -23.5852244144, -70.3848861741 -23.5854644682, -70.3849277483 -23.5856509033, -70.3850310134 -23.5858440212, -70.3855942773 -23.5869879739)",,,
TTI-454083a5-2813-4298-880c-f1329d617cdd-TTR32272183796022000,-70.3851101385,-23.5707941083,-70.3848285066,-23.5727185788,8,Cerrado,Calle Félix García / Avenida Héroes de La Concepción → Calle Vladimir Saavedra Hernández,4,,True,False,2026-04-20T11:57:41Z,,,Antofagasta,2,Antofagasta,,2026-04-20T22:50:08.155559+00:00,batch_1776725408_0,,22,Monday,,,,,Calle Félix García / Avenida Héroes de La Concepción,Calle Vladimir Saavedra Hernández,215.9077668776,,,,,,,,,"LINESTRING(-70.3851101385 -23.5707941083, -70.3848285066 -23.5727185788)",,,
TTI-454083a5-2813-4298-880c-f1329d617cdd-TTR32272183868022000,-70.3848285066,-23.5727185788,-70.3851101385,-23.5707941083,8,Cerrado,Calle Vladimir Saavedra Hernández → Calle Félix García / Avenida Héroes de La Concepción,4,,True,False,2026-04-20T13:10:30Z,,,Antofagasta,2,Antofagasta,,2026-04-20T22:50:08.155559+00:00,batch_1776725408_0,,22,Monday,,,,,Calle Vladimir Saavedra Hernández,Calle Félix García / Avenida Héroes de La Concepción,215.9077668776,,,,,,,,,"LINESTRING(-70.3848285066 -23.5727185788, -70.3851101385 -23.5707941083)",,,
TTI-454083a5-2813-4298-880c-f1329d617cdd-TTL32269297976021000,-70.3866497265,-23.5898110177,-70.3845441924,-23.5855100976,6,Tráfico parado,Pasaje Estación Amincha → Pasaje Río Donihue,3,380.0,False,False,2026-04-20T21:45:10Z,2026-04-20T23:19:00Z,,Antofagasta,2,Antofagasta,,2026-04-20T22:50:08.155559+00:00,batch_1776725408_0,93.83,22,Monday,,,,,Pasaje Estación Amincha,Pasaje Río Donihue,524.1729197417,,,,,,,,,"LINESTRING(-70.3866497265 -23.5898110177, -70.3864391731 -23.5893777826, -70.3863104271 -23.5891109275, -70.3861857044 -23.5888520607, -70.386103897 -23.5886885211, -70.3859644221 -23.5884055334, -70.385898708 -23.5882714136, -70.3856371926 -23.5877416928, -70.3855285631 -23.5875243807, -70.3854990588 -23.5874640801, -70.3852603422 -23.5869799082, -70.3850176023 -23.586490434, -70.3845441924 -23.5855100976)",,,
TTI-454083a5-2813-4298-880c-f1329d617cdd-TTL32272183868022000,-70.3845173703,-23.5726863893,-70.3850497888,-23.5691875187,6,Tráfico lento,Calle Vladimir Saavedra Hernández → Calle Pablo Neruda,1,119.0,False,False,2026-04-20T22:32:24Z,2026-04-20T23:08:00Z,,Antofagasta,2,Antofagasta,,2026-04-20T22:50:08.155559+00:00,batch_1776725408_0,35.6,22,Monday,,,,,Calle Vladimir Saavedra Hernández,Calle Pablo Neruda,393.0516736301,,,,,,,,,"LINESTRING(-70.3845173703 -23.5726863893, -70.3848003434 -23.5707726739, -70.3849773692 -23.5698929394, -70.3850176023 -23.5696340346, -70.3850363778 -23.5693537716, -70.3850497888 -23.5691875187)",,,
TTI-454083a5-2813-4298-880c-f1329d617cdd-TTL32260641168014000,-70.3866443621,-23.6176053568,-70.3841136979,-23.6182155948,6,Tráfico lento,Avenida Pedro Aguirre Cerda → Avenida Antonio Rendic,1,116.0,False,False,2026-04-20T22:48:00Z,2026-04-20T23:08:00Z,,Antofagasta,2,Antofagasta,,2026-04-20T22:50:08.155559+00:00,batch_1776725408_0,20.0,22,Monday,,,,,Avenida Pedro Aguirre Cerda,Avenida Antonio Rendic,277.9706261236,,,,,,,,,"LINESTRING(-70.3866443621 -23.6176053568, -70.386052935 -23.617712644, -70.385988562 -23.6177247013, -70.385822265 -23.6177488927, -70.3856599914 -23.6177300772, -70.3855580674 -23.6176978987, -70.3854480969 -23.6176657202, -70.3853381263 -23.6176389176, -70.3852415668 -23.6176389176, -70.3851342784 -23.6176697905, -70.3850766109 -23.6177032746, -70.3850055324 -23.6177421345, -70.384654163 -23.6179286005, -70.3841136979 -23.6182155948)",,,
TTI-454083a5-2813-4298-880c-f1329d617cdd-TTL32272183764013000,-70.3895840632,-23.5651829443,-70.3833251284,-23.5643823067,6,Tráfico parado,Avenida Pedro Aguirre Cerda → Avenida Huamachuco,3,284.0,False,False,2026-04-20T22:03:20Z,2026-04-20T23:11:00Z,,Antofagasta,2,Antofagasta,,2026-04-20T22:50:08.155559+00:00,batch_1776725408_0,67.67,22,Monday,,,,,Avenida Pedro Aguirre Cerda,Avenida Huamachuco,645.4487764063,,,,,,,,,"LINESTRING(-70.3895840632 -23.5651829443, -70.3895357834 -23.5651775662, -70.3891924607 -23.5651440688, -70.3891361343 -23.5651386907, -70.3890529858 -23.5651306237, -70.3889068054 -23.5651104945, -70.3886533366 -23.565074308, -70.3885071563 -23.5650501837, -70.3883931624 -23.5650300544, -70.3882295476 -23.5650032411, -70.3881933378 -23.5649683606, -70.3866631376 -23.5647618438, -70.3864163743 -23.5647404084, -70.3860435473 -23.5646947718, -70.385822265 -23.5646787145, -70.3844382452 -23.5645030057, -70.3843403446 -23.5644895606, -70.3840935813 -23.564458752, -70.3833251284 -23.5643823067)",,,
TTI-454083a5-2813-4298-880c-f1329d617cdd-TTL32275069340013000,-70.3831507849,-23.56580787,-70.3833251284,-23.5643823067,6,Tráfico parado,Avenida General Oscar Bonilla → Calle Caparrosa,3,306.0,False,False,2026-04-20T22:35:34Z,2026-04-20T23:13:00Z,,Antofagasta,2,Antofagasta,,2026-04-20T22:50:08.155559+00:00,batch_1776725408_0,37.43,22,Monday,,,,,Avenida General Oscar Bonilla,Calle Caparrosa,159.508401802,,,,,,,,,"LINESTRING(-70.3831507849 -23.56580787, -70.3831923591 -23.5654632162, -70.3832795309 -23.5647483986, -70.3833251284 -23.5643823067)",,,
TTI-454083a5-2813-4298-880c-f1329d617cdd-TTL32272183764021000,-70.3861830221,-23.5708665549,-70.3825821565,-23.5706036572,6,Tráfico en cola,Avenida Pedro Aguirre Cerda → Avenida Huamachuco / Calle Félix Garcia,2,155.0,False,False,2026-04-20T22:27:24Z,2026-04-20T23:11:00Z,,Antofagasta,2,Antofagasta,,2026-04-20T22:50:08.155559+00:00,batch_1776725408_0,43.6,22,Monday,,,,,Avenida Pedro Aguirre Cerda,Avenida Huamachuco / Calle Félix Garcia,368.15761363,,,,,,,,,"LINESTRING(-70.3861830221 -23.5708665549, -70.3851101385 -23.5707941083, -70.3848003434 -23.5707726739, -70.3825821565 -23.5706036572)",,,
TTI-454083a5-2813-4298-880c-f1329d617cdd-TTL32275069448029000,-70.3825781332,-23.5642562294,-70.385822265,-23.5646787145,6,Tráfico en cola,Pasaje Samuel Lillo → Calle Sierra Nevada / Calle Los Limoneros,2,150.0,False,False,2026-04-20T22:32:24Z,2026-04-20T23:09:00Z,,Antofagasta,2,Antofagasta,,2026-04-20T22:50:08.155559+00:00,batch_1776725408_0,36.6,22,Monday,,,,,Pasaje Samuel Lillo,Calle Sierra Nevada / Calle Los Limoneros,334.0801221421,,,,,,,,,"LINESTRING(-70.3825781332 -23.5642562294, -70.3826760339 -23.5642723636, -70.3833251284 -23.5643823067, -70.3840935813 -23.564458752, -70.3843403446 -23.5644895606, -70.3844382452 -23.5645030057, -70.385822265 -23.5646787145)",,,
TTI-454083a5-2813-4298-880c-f1329d617cdd-TTL32272183652013000,-70.3828396486,-23.5684686496,-70.3819397675,-23.5757173162,6,Tráfico en cola,Pasaje Tres → Avenida Subteniente Arturo Pérez Canto,2,330.0,False,False,2026-04-20T22:16:14Z,2026-04-20T23:16:00Z,,Antofagasta,2,Antofagasta,,2026-04-20T22:50:08.155559+00:00,batch_1776725408_0,59.77,22,Monday,,,,,Pasaje Tres,Avenida Subteniente Arturo Pérez Canto,813.0815864217,,,,,,,,,"LINESTRING(-70.3828396486 -23.5684686496, -70.3827980744 -23.5688616196, -70.3827243136 -23.569333643, -70.3826746928 -23.5697627956, -70.3826331185 -23.5701745073, -70.3825821565 -23.5706036572, -70.3824359762 -23.5718924812, -70.3824064719 -23.5720413681, -70.3823005246 -23.5723216254, -70.3822120117 -23.5725509474, -70.3821851896 -23.572905032, -70.3821342276 -23.5735487428, -70.3821181344 -23.573843824, -70.3820765601 -23.5744794638, -70.3819934117 -23.5753216779, -70.3819397675 -23.5757173162)",,,
TTI-454083a5-2813-4298-880c-f1329d617cdd-TTL32272183868021000,-70.3818204092,-23.5773869734,-70.3825821565,-23.5706036572,6,Tráfico parado,Pasaje Río Loncomilla → Calle Félix Garcia / Pasaje Félix García,3,653.0,False,False,2026-04-20T22:28:18Z,2026-04-20T23:28:00Z,,Antofagasta,2,Antofagasta,,2026-04-20T22:50:08.155559+00:00,batch_1776725408_0,59.7,22,Monday,,,,,Pasaje Río Loncomilla,Calle Félix Garcia / Pasaje Félix García,760.2523018771,,,,,,,,,"LINESTRING(-70.3818204092 -23.5773869734, -70.3818606423 -23.5768492192, -70.3818794178 -23.5766010833, -70.381895511 -23.5763704625, -70.3819062399 -23.5762135141, -70.3819344031 -23.5758219489, -70.3819397675 -23.5757173162, -70.3819934117 -23.5753216779, -70.3820765601 -23.5744794638, -70.3821181344 -23.573843824, -70.3821342276 -23.5735487428, -70.3821851896 -23.572905032, -70.3822120117 -23.5725509474, -70.3823005246 -23.5723216254, -70.3824064719 -23.5720413681, -70.3824359762 -23.5718924812, -70.3825821565 -23.5706036572)",,,
TTI-454083a5-2813-4298-880c-f1329d617cdd-TTL32275069128021000,-70.3803639697,-23.5711468147,-70.3795284616,-23.578441119,6,Tráfico lento,Calle Félix Garcia → Calle Padre Juan Luis Orione Feltri,1,188.0,False,False,2026-04-20T22:42:30Z,2026-04-20T23:09:00Z,,Antofagasta,2,Antofagasta,,2026-04-20T22:50:08.155559+00:00,batch_1776725408_0,26.5,22,Monday,,,,,Calle Félix Garcia,Calle Padre Juan Luis Orione Feltri,817.9235594147,,,,,,,,,"LINESTRING(-70.3803639697 -23.5711468147, -70.3801252531 -23.5717892282, -70.3800662445 -23.5720883082, -70.380021988 -23.572400755, -70.3799991893 -23.5727427785, -70.3799643205 -23.5733489231, -70.3799281107 -23.5737928128, -70.3798811721 -23.57421665, -70.3798503267 -23.5746444039, -70.3798275279 -23.5749207376, -70.379803388 -23.5751097997, -70.3797712015 -23.5755469998, -70.3797577904 -23.5756274334, -70.379726945 -23.5760726982, -70.3796947585 -23.576444212, -70.3796652542 -23.5767969033, -70.379649161 -23.5770168451, -70.3796290444 -23.5772381694, -70.3795914935 -23.5776417914, -70.3795284616 -23.578441119)",,,
TTI-454083a5-2813-4298-880c-f1329d617cdd-TTL32272183724021001,-70.3794520186,-23.5795153062,-70.3797577904,-23.5756274334,6,Tráfico en cola,Pasaje San Isidro → Avenida Subteniente Arturo Pérez Canto,2,258.0,False,False,2026-04-20T22:40:41Z,2026-04-20T23:10:00Z,,Antofagasta,2,Antofagasta,,2026-04-20T22:50:08.155559+00:00,batch_1776725408_0,29.32,22,Monday,,,,,Pasaje San Isidro,Avenida Subteniente Arturo Pérez Canto,433.4484951647,,,,,,,,,"LINESTRING(-70.3794520186 -23.5795153062, -70.3794734763 -23.5791559388, -70.3795284616 -23.578441119, -70.3795914935 -23.5776417914, -70.3796290444 -23.5772381694, -70.379649161 -23.5770168451, -70.3796652542 -23.5767969033, -70.3796947585 -23.576444212, -70.379726945 -23.5760726982, -70.3797577904 -23.5756274334)",,,
TTI-454083a5-2813-4298-880c-f1329d617cdd-TTL32263526728021000,-70.3753710376,-23.6203962549,-70.3776790785,-23.6156406874,6,Tráfico parado,Pasaje Vicuña → Calle Rancagua / Calle Achao,3,359.0,False,False,2026-04-20T22:10:30Z,2026-04-20T23:16:00Z,,Antofagasta,2,Antofagasta,,2026-04-20T22:50:08.155559+00:00,batch_1776725408_0,65.5,22,Monday,,,,,Pasaje Vicuña,Calle Rancagua / Calle Achao,586.5441755639,,,,,,,,,"LINESTRING(-70.3753710376 -23.6203962549, -70.3753589677 -23.6203238356, -70.3753576266 -23.6202286076, -70.3753817664 -23.6201467422, -70.375427364 -23.6200327756, -70.3756057309 -23.6195593987, -70.3758444475 -23.6188954854, -70.3761689948 -23.6179393522, -70.3761864291 -23.6178574854, -70.3762159334 -23.6177260837, -70.3762977408 -23.6175812421, -70.376607536 -23.6171829653, -70.3769334244 -23.6166947559, -70.3772982048 -23.6161368878, -70.3775127815 -23.6158511945, -70.377609341 -23.6157224788, -70.377621411 -23.6157090389, -70.3776790785 -23.6156406874)",,,
TTI-454083a5-2813-4298-880c-f1329d617cdd-TTR32257755624014000,-70.3890234815,-23.6263118468,-70.3901258694,-23.6258411035,8,Cerrado,Avenida Antonio Rendic → Calle Loa,4,,True,False,2026-04-14T03:08:00Z,,,Antofagasta,2,Antofagasta,,2026-04-21T00:59:39.342320+00:00,batch_1776733179_0,,0,Tuesday,,,,,Avenida Antonio Rendic,Calle Loa,123.905,,,,,,,,,"LINESTRING(-70.3890234815 -23.6263118468, -70.3901258694 -23.6258411035)",,,
TTI-454083a5-2813-4298-880c-f1329d617cdd-TTR32272183868022000,-70.3848285066,-23.5727185788,-70.3851101385,-23.5707941083,8,Cerrado,Calle Vladimir Saavedra Hernández → Calle Félix García / Avenida Héroes de La Concepción,4,,True,False,2026-04-20T13:10:30Z,,,Antofagasta,2,Antofagasta,,2026-04-21T00:59:39.342320+00:00,batch_1776733179_0,,0,Tuesday,,,,,Calle Vladimir Saavedra Hernández,Calle Félix García / Avenida Héroes de La Concepción,215.9077668776,,,,,,,,,"LINESTRING(-70.3848285066 -23.5727185788, -70.3851101385 -23.5707941083)",,,
TTI-454083a5-2813-4298-880c-f1329d617cdd-TTR32272183796022000,-70.3851101385,-23.5707941083,-70.3848285066,-23.5727185788,8,Cerrado,Calle Félix García / Avenida Héroes de La Concepción → Calle Vladimir Saavedra Hernández,4,,True,False,2026-04-20T11:57:41Z,,,Antofagasta,2,Antofagasta,,2026-04-21T00:59:39.342320+00:00,batch_1776733179_0,,0,Tuesday,,,,,Calle Félix García / Avenida Héroes de La Concepción,Calle Vladimir Saavedra Hernández,215.9077668776,,,,,,,,,"LINESTRING(-70.3851101385 -23.5707941083, -70.3848285066 -23.5727185788)",,,
TTI-454083a5-2813-4298-880c-f1329d617cdd-TTR32257755624014000,-70.3890234815,-23.6263118468,-70.3901258694,-23.6258411035,8,Cerrado,Avenida Antonio Rendic → Calle Loa,4,,True,False,2026-04-14T03:08:00Z,,,Antofagasta,2,Antofagasta,,2026-04-21T05:33:25.794141+00:00,batch_1776749605_0,,5,Tuesday,,,,,Avenida Antonio Rendic,Calle Loa,123.905,,,,,,,,,"LINESTRING(-70.3890234815 -23.6263118468, -70.3901258694 -23.6258411035)",,,
TTI-454083a5-2813-4298-880c-f1329d617cdd-TTR32272183796022000,-70.3851101385,-23.5707941083,-70.3848285066,-23.5727185788,8,Cerrado,Calle Félix García / Avenida Héroes de La Concepción → Calle Vladimir Saavedra Hernández,4,,True,False,2026-04-20T11:57:41Z,,,Antofagasta,2,Antofagasta,,2026-04-21T05:33:25.794141+00:00,batch_1776749605_0,,5,Tuesday,,,,,Calle Félix García / Avenida Héroes de La Concepción,Calle Vladimir Saavedra Hernández,215.9077668776,,,,,,,,,"LINESTRING(-70.3851101385 -23.5707941083, -70.3848285066 -23.5727185788)",,,
TTI-454083a5-2813-4298-880c-f1329d617cdd-TTR32272183868022000,-70.3848285066,-23.5727185788,-70.3851101385,-23.5707941083,8,Cerrado,Calle Vladimir Saavedra Hernández → Calle Félix García / Avenida Héroes de La Concepción,4,,True,False,2026-04-20T13:10:30Z,,,Antofagasta,2,Antofagasta,,2026-04-21T05:33:25.794141+00:00,batch_1776749605_0,,5,Tuesday,,,,,Calle Vladimir Saavedra Hernández,Calle Félix García / Avenida Héroes de La Concepción,215.9077668776,,,,,,,,,"LINESTRING(-70.3848285066 -23.5727185788, -70.3851101385 -23.5707941083)",,,
TTI-454083a5-2813-4298-880c-f1329d617cdd-TTR32257755624014000,-70.3890234815,-23.6263118468,-70.3901258694,-23.6258411035,8,Cerrado,Avenida Antonio Rendic → Calle Loa,4,,True,False,2026-04-14T03:08:00Z,,,Antofagasta,2,Antofagasta,,2026-04-21T06:16:20.144803+00:00,batch_1776752180_0,,6,Tuesday,,,,,Avenida Antonio Rendic,Calle Loa,123.905,,,,,,,,,"LINESTRING(-70.3890234815 -23.6263118468, -70.3901258694 -23.6258411035)",,,
TTI-454083a5-2813-4298-880c-f1329d617cdd-TTR32272183796022000,-70.3851101385,-23.5707941083,-70.3848285066,-23.5727185788,8,Cerrado,Calle Félix García / Avenida Héroes de La Concepción → Calle Vladimir Saavedra Hernández,4,,True,False,2026-04-20T11:57:41Z,,,Antofagasta,2,Antofagasta,,2026-04-21T06:16:20.144803+00:00,batch_1776752180_0,,6,Tuesday,,,,,Calle Félix García / Avenida Héroes de La Concepción,Calle Vladimir Saavedra Hernández,215.9077668776,,,,,,,,,"LINESTRING(-70.3851101385 -23.5707941083, -70.3848285066 -23.5727185788)",,,
TTI-454083a5-2813-4298-880c-f1329d617cdd-TTR32272183868022000,-70.3848285066,-23.5727185788,-70.3851101385,-23.5707941083,8,Cerrado,Calle Vladimir Saavedra Hernández → Calle Félix García / Avenida Héroes de La Concepción,4,,True,False,2026-04-20T13:10:30Z,,,Antofagasta,2,Antofagasta,,2026-04-21T06:16:20.144803+00:00,batch_1776752180_0,,6,Tuesday,,,,,Calle Vladimir Saavedra Hernández,Calle Félix García / Avenida Héroes de La Concepción,215.9077668776,,,,,,,,,"LINESTRING(-70.3848285066 -23.5727185788, -70.3851101385 -23.5707941083)",,,
